customerID;Churn_Probability;Decision 
4376-KFVRS;0.04;No llamar
2754-SDJRD;0.58;No llamar
9917-KWRBE;0.06;No llamar
0365-GXEZS;0.32;No llamar
9385-NXKDA;0.03;No llamar
4686-UXDML;0.60;Ofrecer Descuento
2227-JRSJX;0.45;No llamar
4830-FAXFM;0.14;No llamar
1830-IPXVJ;0.00;No llamar
4690-LLKUA;0.33;No llamar
5804-HYIEZ;0.29;No llamar
2388-LAESQ;0.07;No llamar
5533-RJFTJ;0.16;No llamar
4706-AXVKM;0.67;Ofrecer Descuento
0997-YTLNY;0.10;No llamar
7971-HLVXI;0.06;No llamar
7337-CINUD;0.03;No llamar
1379-FRVEB;0.55;No llamar
4753-PADAS;0.23;No llamar
5701-GUXDC;0.08;No llamar
7235-NXZCP;0.77;Ofrecer Descuento
0668-OGMHD;0.24;No llamar
2812-REYAT;0.02;No llamar
8779-YIQQA;0.04;No llamar
9701-CDXHR;0.16;No llamar
7130-CTCUS;0.20;No llamar
1894-IGFSG;0.53;No llamar
0871-URUWO;0.65;Ofrecer Descuento
0057-QBUQH;0.02;No llamar
9611-CTWIH;0.84;Llamar
8058-DMYRU;0.44;No llamar
5351-QESIO;0.43;No llamar
4302-ZYFEL;0.01;No llamar
6134-KWTBV;0.01;No llamar
2034-GDRCN;0.86;Llamar
9544-PYPSJ;0.28;No llamar
4208-UFFGW;0.39;No llamar
9537-JALFH;0.00;No llamar
4415-IJZTP;0.87;Llamar
4701-MLJPN;0.17;No llamar
7515-LODFU;0.00;No llamar
4927-WWOOZ;0.88;Llamar
4067-HLYQI;0.29;No llamar
6184-DYUOB;0.23;No llamar
9209-NWPGU;0.04;No llamar
9851-KIELU;0.53;No llamar
3199-XGZCY;0.69;Ofrecer Descuento
4226-KKDON;0.34;No llamar
1085-LDWAM;0.01;No llamar
6825-UYPFK;0.36;No llamar
1767-CJKBA;0.01;No llamar
7181-BQYBV;0.90;Llamar
0178-CIIKR;0.16;No llamar
4256-ZWTZI;0.20;No llamar
9537-VHDTA;0.28;No llamar
2754-XBHTB;0.55;No llamar
5975-BAICR;0.06;No llamar
3301-VKTGC;0.07;No llamar
2877-VDUER;0.07;No llamar
7717-BICXI;0.00;No llamar
0562-FGDCR;0.01;No llamar
3705-PSNGL;0.04;No llamar
0048-LUMLS;0.18;No llamar
6497-TILVL;0.15;No llamar
2108-YKQTY;0.31;No llamar
3658-KIBGF;0.47;No llamar
5482-NUPNA;0.17;No llamar
7410-KTVFV;0.25;No llamar
9033-EOXWV;0.19;No llamar
8821-XNHVZ;0.79;Ofrecer Descuento
8224-KDLKN;0.00;No llamar
4825-FUREZ;0.01;No llamar
7534-BFESC;0.61;Ofrecer Descuento
9138-EFSMO;0.17;No llamar
4227-OJHAL;0.03;No llamar
7279-NMVJC;0.05;No llamar
8591-TKMZH;0.06;No llamar
9283-LZQOH;0.53;No llamar
3594-IVHJZ;0.23;No llamar
1945-XISKS;0.00;No llamar
4359-INNWN;0.04;No llamar
7649-SIJJF;0.02;No llamar
9254-RBFON;0.19;No llamar
0970-ETWGE;0.91;Llamar
7762-ONLJY;0.07;No llamar
6710-HSJRD;0.38;No llamar
8873-GLDMH;0.67;Ofrecer Descuento
9907-SWKKF;0.52;No llamar
4658-HCOHW;0.47;No llamar
9330-VOFSZ;0.09;No llamar
2860-RANUS;0.57;No llamar
6234-PFPXL;0.25;No llamar
7205-BAIAD;0.01;No llamar
3858-VOBET;0.55;No llamar
5103-MHMHY;0.35;No llamar
6119-SPUDB;0.02;No llamar
9389-ACWBI;0.44;No llamar
3454-JFUBC;0.01;No llamar
1768-ZAIFU;0.69;Ofrecer Descuento
7017-VFULY;0.17;No llamar
9221-OTIVJ;0.71;Ofrecer Descuento
2482-CZGBB;0.54;No llamar
7018-WBJNK;0.45;No llamar
3331-HQDTW;0.45;No llamar
4695-VADHF;0.27;No llamar
4086-WITJG;0.00;No llamar
6297-NOOPG;0.11;No llamar
8777-PVYGU;0.05;No llamar
4378-MYPGO;0.05;No llamar
9313-CDOGY;0.06;No llamar
4121-AGSIN;0.02;No llamar
0432-CAJZV;0.74;Ofrecer Descuento
9097-ZUBYC;0.16;No llamar
9638-JIQYA;0.52;No llamar
1024-GUALD;0.66;Ofrecer Descuento
8024-XNAFQ;0.04;No llamar
7587-RZNME;0.49;No llamar
1346-UFHAX;0.44;No llamar
6374-NTQLP;0.04;No llamar
6625-FLENO;0.01;No llamar
7375-WMVMT;0.05;No llamar
6910-HADCM;0.75;Ofrecer Descuento
7401-JIXNM;0.02;No llamar
7338-ERIVA;0.04;No llamar
5376-DEQCP;0.81;Llamar
0909-SELIE;0.02;No llamar
5419-KLXBN;0.34;No llamar
0365-TRTPY;0.19;No llamar
6712-OAWRH;0.61;Ofrecer Descuento
2428-ZMCTB;0.11;No llamar
1963-VAUKV;0.19;No llamar
9381-NDKME;0.41;No llamar
3729-OWRVL;0.11;No llamar
0895-LMRSF;0.17;No llamar
2676-SSLTO;0.04;No llamar
8495-PRWFH;0.18;No llamar
9030-QGZNL;0.03;No llamar
9972-NKTFD;0.08;No llamar
7998-WNZEM;0.01;No llamar
0979-PHULV;0.32;No llamar
6445-TNRXS;0.05;No llamar
9586-JGQKH;0.09;No llamar
3966-HRMZA;0.61;Ofrecer Descuento
5498-IBWPI;0.02;No llamar
6823-SIDFQ;0.03;No llamar
2323-ARSVR;0.06;No llamar
5468-BPMMO;0.05;No llamar
0486-HECZI;0.33;No llamar
2178-PMGCJ;0.40;No llamar
4660-IRIBM;0.39;No llamar
9674-EHPPG;0.02;No llamar
5606-AMZBO;0.49;No llamar
0665-XHDJU;0.13;No llamar
5402-HTOTQ;0.28;No llamar
8258-GSTJK;0.78;Ofrecer Descuento
3787-TRIAL;0.35;No llamar
6175-IRFIT;0.50;No llamar
6317-YPKDH;0.45;No llamar
5692-FPTAH;0.49;No llamar
5373-SFODM;0.48;No llamar
0868-VJRDR;0.04;No llamar
4079-VTGLK;0.13;No llamar
1166-PQLGG;0.00;No llamar
5296-BFCYD;0.01;No llamar
6568-POCUI;0.09;No llamar
2839-RFSQE;0.17;No llamar
2188-SXWVT;0.03;No llamar
8849-GYOKR;0.14;No llamar
3623-FQBOX;0.12;No llamar
2649-HWLYB;0.01;No llamar
0599-XNYDO;0.35;No llamar
2514-GINMM;0.86;Llamar
8401-EMUWF;0.12;No llamar
5766-ZJYBB;0.20;No llamar
2604-IJPDU;0.35;No llamar
2501-XWWTZ;0.47;No llamar
6370-ZVHDV;0.01;No llamar
3027-YNWZU;0.01;No llamar
4526-ZJJTM;0.36;No llamar
0440-QEXBZ;0.17;No llamar
0330-IVZHA;0.58;No llamar
9758-MFWGD;0.05;No llamar
4229-CZMLL;0.68;Ofrecer Descuento
0742-MOABM;0.26;No llamar
4277-BWBML;0.00;No llamar
5136-GFPMB;0.27;No llamar
7520-HQWJU;0.05;No llamar
6304-IJFSQ;0.40;No llamar
0297-RBCSG;0.10;No llamar
6013-BHCAW;0.03;No llamar
4402-FTBXC;0.17;No llamar
1471-GIQKQ;0.46;No llamar
4283-FUTGF;0.63;Ofrecer Descuento
9548-LERKT;0.02;No llamar
8059-UDZFY;0.49;No llamar
0410-IPFTY;0.35;No llamar
2478-EEWWM;0.27;No llamar
4619-EVPHY;0.38;No llamar
2277-DJJDL;0.46;No llamar
2911-WDXMV;0.45;No llamar
3639-XJHKQ;0.13;No llamar
8173-RXAYP;0.01;No llamar
4537-CIBHB;0.05;No llamar
5442-BXVND;0.06;No llamar
2308-STERM;0.14;No llamar
7159-NOKYQ;0.11;No llamar
6075-QMNRR;0.07;No llamar
3694-GLTJM;0.19;No llamar
9629-NHXFW;0.23;No llamar
7167-PCEYD;0.01;No llamar
2748-MYRVK;0.16;No llamar
4223-WOZCM;0.37;No llamar
6946-LMSQS;0.40;No llamar
5469-NUJUR;0.03;No llamar
6388-TABGU;0.01;No llamar
1261-FWTTE;0.42;No llamar
8590-YFFQO;0.00;No llamar
0082-OQIQY;0.52;No llamar
9465-RWMXL;0.53;No llamar
2930-UOTMB;0.09;No llamar
9128-CPXKI;0.09;No llamar
0484-FFVBJ;0.15;No llamar
1100-DDVRV;0.47;No llamar
9313-QOLTZ;0.07;No llamar
3338-CVVEH;0.66;Ofrecer Descuento
1131-SUEKT;0.10;No llamar
7602-DBTOU;0.00;No llamar
1385-TQOZW;0.17;No llamar
6892-XPFPU;0.71;Ofrecer Descuento
4115-NZRKS;0.79;Ofrecer Descuento
5514-YQENT;0.07;No llamar
6319-IEJWJ;0.58;No llamar
8849-AYPTR;0.46;No llamar
5893-PYOLZ;0.03;No llamar
7180-PISOG;0.85;Llamar
8443-ZRDBZ;0.72;Ofrecer Descuento
9079-YEXQJ;0.33;No llamar
3780-YVMFA;0.39;No llamar
6968-MHOMU;0.11;No llamar
0899-LIIBW;0.53;No llamar
3677-IYRBF;0.61;Ofrecer Descuento
8393-DLHGA;0.48;No llamar
7691-XVTZH;0.09;No llamar
5360-LJCNJ;0.10;No llamar
3891-PUQOD;0.55;No llamar
0952-KMEEH;0.53;No llamar
4919-IKATY;0.56;No llamar
9746-UGFAC;0.04;No llamar
9108-EQPNQ;0.04;No llamar
0531-ZZJWQ;0.40;No llamar
8763-KIAFH;0.04;No llamar
5863-OOKCL;0.13;No llamar
2958-NHPPS;0.10;No llamar
9530-GRMJG;0.03;No llamar
1809-DMJHQ;0.23;No llamar
0164-XAIRP;0.02;No llamar
2926-JEJJC;0.09;No llamar
1169-WCVAK;0.30;No llamar
1217-VASWC;0.26;No llamar
2452-KDRRH;0.40;No llamar
6402-EJMWF;0.41;No llamar
7663-CUXZB;0.08;No llamar
4312-KFRXN;0.01;No llamar
3011-WQKSZ;0.14;No llamar
9747-DDZOS;0.69;Ofrecer Descuento
2091-MJTFX;0.19;No llamar
0388-EOPEX;0.69;Ofrecer Descuento
3161-ONRWK;0.02;No llamar
2587-EKXTS;0.45;No llamar
9752-ZNQUT;0.55;No llamar
9572-WUKSB;0.52;No llamar
3836-FZSDJ;0.01;No llamar
8805-JNRAZ;0.30;No llamar
3069-SSVSN;0.31;No llamar
8015-IHCGW;0.06;No llamar
8132-YPVBX;0.57;No llamar
0235-KGSLC;0.82;Llamar
1302-UHBDD;0.62;Ofrecer Descuento
3722-WPXTK;0.91;Llamar
7531-GQHME;0.10;No llamar
1335-NTIUC;0.54;No llamar
9367-TCUYN;0.11;No llamar
1536-HBSWP;0.51;No llamar
8573-JGCZW;0.06;No llamar
2694-CIUMO;0.45;No llamar
2027-FECZV;0.73;Ofrecer Descuento
9103-TCIHJ;0.22;No llamar
1545-JFUML;0.08;No llamar
0524-IAVZO;0.57;No llamar
5519-TEEUH;0.03;No llamar
6654-QGBZZ;0.19;No llamar
2294-DMMUS;0.16;No llamar
0017-IUDMW;0.04;No llamar
5018-LXQQG;0.07;No llamar
5808-TOTXO;0.09;No llamar
1174-FGIFN;0.29;No llamar
0730-KOAVE;0.39;No llamar
1218-VKFPE;0.09;No llamar
5313-FPXWG;0.03;No llamar
2834-JKOOW;0.07;No llamar
9430-NKQLY;0.01;No llamar
0363-QJVFX;0.35;No llamar
1658-TJVOA;0.56;No llamar
6685-GBWJZ;0.02;No llamar
6328-ZPBGN;0.74;Ofrecer Descuento
4003-FUSHP;0.22;No llamar
7690-KPNCU;0.04;No llamar
2969-WGHQO;0.13;No llamar
1855-CFULU;0.16;No llamar
9788-YTFGE;0.18;No llamar
8266-VBFQL;0.67;Ofrecer Descuento
2325-NBPZG;0.59;No llamar
9906-NHHVC;0.05;No llamar
2541-YGPKE;0.02;No llamar
5049-MUBWG;0.07;No llamar
2332-TODQS;0.02;No llamar
4419-UJMUS;0.10;No llamar
2233-TXSIU;0.11;No llamar
6770-XUAGN;0.29;No llamar
2919-HBCJO;0.49;No llamar
9508-ILZDG;0.48;No llamar
5442-BHQNG;0.66;Ofrecer Descuento
7250-EQKIY;0.37;No llamar
6838-HVLXG;0.11;No llamar
9767-FFLEM;0.28;No llamar
2245-ADZFJ;0.04;No llamar
1150-WFARN;0.06;No llamar
9054-FOWNV;0.61;Ofrecer Descuento
7997-EASSD;0.10;No llamar
7560-QJAVJ;0.01;No llamar
2668-TZSPS;0.20;No llamar
9139-WQQDY;0.17;No llamar
6726-NNFWD;0.04;No llamar
9330-DHBFL;0.04;No llamar
5727-MYATE;0.02;No llamar
2824-DXNKN;0.02;No llamar
6166-ILMNY;0.56;No llamar
5236-XMZJY;0.05;No llamar
1709-EJDOX;0.01;No llamar
4962-CHQPW;0.03;No llamar
0301-FIDRB;0.02;No llamar
1820-TQVEV;0.81;Llamar
9115-YQHGA;0.13;No llamar
1541-ETJZO;0.46;No llamar
6230-BSUXY;0.89;Llamar
6797-LNAQX;0.06;No llamar
9588-YRFHY;0.01;No llamar
1092-GANHU;0.49;No llamar
5951-AOFIH;0.16;No llamar
7029-RPUAV;0.71;Ofrecer Descuento
4700-UBQMV;0.16;No llamar
3594-UVONA;0.09;No llamar
7750-EYXWZ;0.24;No llamar
7054-ENNGU;0.20;No llamar
0402-OAMEN;0.00;No llamar
2195-VVRJF;0.26;No llamar
8819-ZBYNA;0.07;No llamar
7748-UMTRK;0.56;No llamar
1741-WTPON;0.04;No llamar
7209-JCUDS;0.63;Ofrecer Descuento
2485-ITVKB;0.71;Ofrecer Descuento
9648-BCHKM;0.03;No llamar
0743-HRVFF;0.12;No llamar
2522-AHJXR;0.28;No llamar
9143-CANJF;0.09;No llamar
1444-VVSGW;0.09;No llamar
6898-MDLZW;0.19;No llamar
0074-HDKDG;0.05;No llamar
3982-JGSFD;0.03;No llamar
7928-VJYAB;0.54;No llamar
1522-VVDMG;0.53;No llamar
2665-NPTGL;0.65;Ofrecer Descuento
8728-SKJLR;0.27;No llamar
7733-UDMTP;0.29;No llamar
0431-APWVY;0.25;No llamar
5081-NWSUP;0.09;No llamar
2746-DIJLO;0.07;No llamar
7277-OZCGZ;0.39;No llamar
5236-PERKL;0.09;No llamar
2788-CJQAQ;0.05;No llamar
3096-WPXBT;0.11;No llamar
9962-BFPDU;0.17;No llamar
2892-GESUL;0.02;No llamar
9741-YLNTD;0.63;Ofrecer Descuento
1205-WNWPJ;0.31;No llamar
3173-NVMPX;0.30;No llamar
9661-MHUMO;0.41;No llamar
6000-APYLU;0.65;Ofrecer Descuento
0048-PIHNL;0.02;No llamar
9420-LOJKX;0.45;No llamar
7061-OVMIM;0.02;No llamar
5671-RQRLP;0.06;No llamar
5129-JLPIS;0.40;No llamar
5170-PTRKA;0.03;No llamar
4819-HJPIW;0.26;No llamar
8780-RSYYU;0.09;No llamar
2335-GSODA;0.03;No llamar
5696-CEIQJ;0.04;No llamar
6169-PPETC;0.01;No llamar
4237-RLAQD;0.50;No llamar
7359-WWYJV;0.04;No llamar
8620-RJPZN;0.25;No llamar
7426-WEIJX;0.24;No llamar
7629-WIXZF;0.25;No llamar
2616-FLVQC;0.00;No llamar
9163-GHAYE;0.22;No llamar
4464-JCOLN;0.08;No llamar
2971-SGAFL;0.48;No llamar
4735-ASGMA;0.69;Ofrecer Descuento
5245-VDBUR;0.04;No llamar
1493-AMTIE;0.26;No llamar
1112-CUNAO;0.55;No llamar
7571-YXDAD;0.67;Ofrecer Descuento
8714-EUHJO;0.45;No llamar
9040-KZVWO;0.13;No llamar
6713-OKOMC;0.25;No llamar
8749-CLJXC;0.20;No llamar
4713-LZDRV;0.76;Ofrecer Descuento
6598-RFFVI;0.10;No llamar
7470-MCQTK;0.54;No llamar
5524-KHNJP;0.06;No llamar
1707-HABPF;0.18;No llamar
4581-LNWUM;0.51;No llamar
9710-ZUSHQ;0.41;No llamar
1697-LYYYX;0.01;No llamar
4013-GUXND;0.20;No llamar
5022-JNQEQ;0.47;No llamar
4983-CCWMC;0.62;Ofrecer Descuento
6345-FZOQH;0.00;No llamar
0962-CQPWQ;0.00;No llamar
5495-GPSRW;0.03;No llamar
2252-JHJGE;0.19;No llamar
7356-AYNJP;0.15;No llamar
2019-HDCZY;0.14;No llamar
8582-KRHPJ;0.10;No llamar
2867-UIMSS;0.82;Llamar
3487-EARAT;0.01;No llamar
9926-PJHDQ;0.03;No llamar
0289-IVARM;0.10;No llamar
4672-FOTSD;0.22;No llamar
6198-PNNSZ;0.14;No llamar
7603-USHJS;0.50;No llamar
6784-XYJAE;0.11;No llamar
3858-XHYJO;0.20;No llamar
1087-UDSIH;0.21;No llamar
7251-LJBQN;0.29;No llamar
3200-MNQTF;0.01;No llamar
9359-UGBTK;0.02;No llamar
8160-HOWOX;0.53;No llamar
0258-NOKBL;0.66;Ofrecer Descuento
2800-QQUSO;0.51;No llamar
2129-ALKBS;0.10;No llamar
9972-VAFJJ;0.18;No llamar
4693-VWVBO;0.21;No llamar
6969-MVBAI;0.74;Ofrecer Descuento
4821-WQOYN;0.00;No llamar
6769-DYBQN;0.26;No llamar
4018-PPNDW;0.01;No llamar
6288-CHQJB;0.01;No llamar
4905-JEFDW;0.36;No llamar
0559-CKHUS;0.02;No llamar
2659-VXMWZ;0.18;No llamar
6559-RAKOZ;0.26;No llamar
8809-XKHMD;0.04;No llamar
6365-HITVU;0.01;No llamar
0134-XWXCE;0.07;No llamar
9720-JJJOR;0.03;No llamar
2782-LFZVW;0.46;No llamar
6112-KTHFQ;0.14;No llamar
9220-ZNKJI;0.05;No llamar
9820-RMCQV;0.16;No llamar
9013-AQORL;0.11;No llamar
2040-OBMLJ;0.13;No llamar
5574-NXZIU;0.03;No llamar
5446-DKWYW;0.10;No llamar
0480-KYJVA;0.00;No llamar
1074-AMIOH;0.20;No llamar
0015-UOCOJ;0.34;No llamar
0256-LTHVJ;0.45;No llamar
4547-LYTDD;0.50;No llamar
1077-HUUJM;0.56;No llamar
2041-JIJCI;0.49;No llamar
1555-HAPSU;0.00;No llamar
4323-SADQS;0.29;No llamar
3292-PBZEJ;0.71;Ofrecer Descuento
6203-HBZPA;0.02;No llamar
9755-JHNMN;0.01;No llamar
7369-TRPFD;0.05;No llamar
9878-TNQGW;0.78;Ofrecer Descuento
2279-AXJJK;0.26;No llamar
5016-IBERQ;0.43;No llamar
1016-DJTSV;0.61;Ofrecer Descuento
8433-WPJTV;0.18;No llamar
8903-XEBGX;0.55;No llamar
2632-TACXW;0.01;No llamar
7952-OBOYL;0.67;Ofrecer Descuento
1470-PSXNM;0.25;No llamar
6227-HWPWX;0.31;No llamar
5924-SNGKP;0.02;No llamar
8818-DOPVL;0.57;No llamar
4521-WFJAI;0.01;No llamar
4724-WXVWF;0.33;No llamar
3717-OEAUQ;0.61;Ofrecer Descuento
8165-ZJRNM;0.00;No llamar
7838-LAZFO;0.05;No llamar
0513-RBGPE;0.02;No llamar
7251-XFOIL;0.25;No llamar
2525-GVKQU;0.01;No llamar
7579-OOPEC;0.30;No llamar
3795-GWTRD;0.01;No llamar
4750-ZRXIU;0.80;Ofrecer Descuento
5445-PZWGX;0.09;No llamar
0516-UXRMT;0.12;No llamar
0727-BNRLG;0.06;No llamar
3932-CMDTD;0.48;No llamar
1264-FUHCX;0.09;No llamar
6194-HBGQN;0.05;No llamar
4524-QCSSM;0.24;No llamar
4570-QHXHL;0.36;No llamar
2972-YDYUW;0.13;No llamar
2061-VVFST;0.05;No llamar
6874-SGLHU;0.24;No llamar
9844-FELAJ;0.21;No llamar
1902-XBTFB;0.43;No llamar
9039-RBEEE;0.13;No llamar
9369-XFEHK;0.40;No llamar
3680-CTHUH;0.13;No llamar
3679-XASPY;0.22;No llamar
9089-UOWJG;0.26;No llamar
1574-DYCWE;0.01;No llamar
9779-DPNEJ;0.48;No llamar
2967-MXRAV;0.09;No llamar
0327-WFZSY;0.31;No llamar
1731-TVIUK;0.73;Ofrecer Descuento
7666-WKRON;0.08;No llamar
3865-ZYKAD;0.17;No llamar
1465-LNTLJ;0.29;No llamar
2696-RZVZW;0.01;No llamar
0685-MLYYM;0.65;Ofrecer Descuento
2778-OCLGR;0.24;No llamar
3982-XWFZQ;0.22;No llamar
4759-PXTAN;0.11;No llamar
1448-PWKYE;0.79;Ofrecer Descuento
8741-LQOBK;0.06;No llamar
8650-RHRKE;0.58;No llamar
7266-GSSJX;0.17;No llamar
1265-HVPZB;0.03;No llamar
9640-ZSLDC;0.04;No llamar
0988-JRWWP;0.59;No llamar
1926-QUZNN;0.01;No llamar
9025-ZRPVR;0.17;No llamar
6527-PZFPV;0.04;No llamar
7460-ITWWP;0.44;No llamar
1530-ZTDOZ;0.10;No llamar
4785-FCIFB;0.01;No llamar
9717-QEBGU;0.73;Ofrecer Descuento
0876-WDUUZ;0.53;No llamar
7881-EVUAD;0.63;Ofrecer Descuento
4002-BQWPQ;0.12;No llamar
6377-WHAOX;0.47;No llamar
5027-YOCXN;0.09;No llamar
8450-JOVAH;0.31;No llamar
6646-QVXLR;0.34;No llamar
0254-KCJGT;0.04;No llamar
3442-ZHHCC;0.04;No llamar
9167-APMXZ;0.55;No llamar
0616-ATFGB;0.62;Ofrecer Descuento
7273-TEFQD;0.69;Ofrecer Descuento
8245-UMPYT;0.73;Ofrecer Descuento
6022-UGGSO;0.42;No llamar
6292-TOSSS;0.01;No llamar
5207-PLSTK;0.38;No llamar
3908-BLSYF;0.61;Ofrecer Descuento
4317-VTEOA;0.56;No llamar
0625-AFOHS;0.01;No llamar
4667-OHGKG;0.26;No llamar
2386-OWURY;0.30;No llamar
3780-DDGSE;0.21;No llamar
1047-RNXZV;0.01;No llamar
3926-YZVVX;0.03;No llamar
4742-TXUEX;0.01;No llamar
8709-KRDVL;0.59;No llamar
0397-ZXWQF;0.00;No llamar
3910-MRQOY;0.00;No llamar
2511-MORQY;0.05;No llamar
4039-PIMHX;0.02;No llamar
8083-YTZES;0.78;Ofrecer Descuento
1346-PJWTK;0.13;No llamar
3750-YHRYO;0.06;No llamar
1236-WFCDV;0.51;No llamar
5949-HGVJL;0.27;No llamar
9112-WSNPU;0.33;No llamar
1360-JYXKQ;0.24;No llamar
3585-ISXZP;0.62;Ofrecer Descuento
8380-PEFPE;0.77;Ofrecer Descuento
9402-ROUMJ;0.08;No llamar
4335-UPJSI;0.01;No llamar
6096-EGVTU;0.01;No llamar
8988-ECPJR;0.35;No llamar
7677-SJJJK;0.05;No llamar
5850-BDWCY;0.13;No llamar
2025-JKFWI;0.60;No llamar
8028-PNXHQ;0.01;No llamar
8397-MVTAZ;0.63;Ofrecer Descuento
4445-ZJNMU;0.65;Ofrecer Descuento
3125-RAHBV;0.04;No llamar
6682-QJDGB;0.07;No llamar
8840-DQLGN;0.28;No llamar
6258-NGCNG;0.18;No llamar
5917-RYRMG;0.03;No llamar
7157-SMCFK;0.00;No llamar
0816-TSPHQ;0.17;No llamar
6766-HFKLA;0.09;No llamar
7067-KSAZT;0.31;No llamar
5155-AZQPB;0.15;No llamar
6890-PFRQX;0.23;No llamar
3508-VLHCZ;0.02;No llamar
3649-JPUGY;0.03;No llamar
9248-OJYKK;0.88;Llamar
7239-HZZCX;0.20;No llamar
9860-LISIZ;0.05;No llamar
6979-ZNSFF;0.67;Ofrecer Descuento
8938-UMKPI;0.51;No llamar
1820-DJFPH;0.01;No llamar
0732-OCQOC;0.01;No llamar
6776-TLWOI;0.16;No llamar
4940-KHCWD;0.01;No llamar
9057-SIHCH;0.86;Llamar
9866-QEVEE;0.60;No llamar
5542-TBBWB;0.81;Llamar
4587-VVTOX;0.85;Llamar
6322-HRPFA;0.03;No llamar
6284-AHOOQ;0.52;No llamar
4530-NDRKU;0.03;No llamar
1751-NCDLI;0.62;Ofrecer Descuento
3893-JRNFS;0.12;No llamar
5857-XRECV;0.07;No llamar
3115-CZMZD;0,00000274;Llamar
4489-SNOJF;0.13;No llamar
1051-GEJLJ;0.19;No llamar
3563-SVYLG;0.00;No llamar
4301-VVZKA;0.62;Ofrecer Descuento
9351-HXDMR;0.06;No llamar
5161-XEUVX;0.09;No llamar
3088-FVYWK;0.01;No llamar
9812-GHVRI;0.32;No llamar
1370-GGAWX;0.28;No llamar
6023-YEBUP;0.84;Llamar
9940-RHLFB;0.75;Ofrecer Descuento
4541-RMRLG;0.19;No llamar
2606-RMDHZ;0.38;No llamar
5575-TPIZQ;0.29;No llamar
9378-FXTIZ;0.12;No llamar
4631-OACRM;0.64;Ofrecer Descuento
8593-WHYHV;0.81;Llamar
1403-GYAFU;0.00;No llamar
7641-TQFHN;0.09;No llamar
4237-CLSMM;0.18;No llamar
4360-PNRQB;0.48;No llamar
5334-AFQJB;0.01;No llamar
9308-ANMVE;0.07;No llamar
3530-VWVGU;0.07;No llamar
4674-HGNUA;0.01;No llamar
3030-YDNRM;0.70;Ofrecer Descuento
3642-BYHDO;0.00;No llamar
0440-UEDAI;0.10;No llamar
9819-FBNSV;0.34;No llamar
9289-LBQVU;0.05;No llamar
4468-YDOVK;0.24;No llamar
2001-EWBQU;0.12;No llamar
9992-UJOEL;0.42;No llamar
8409-WQJUX;0.19;No llamar
3077-RSNTJ;0.12;No llamar
6993-YCOBK;0.09;No llamar
4817-VYYWS;0.61;Ofrecer Descuento
4702-HDRKD;0.04;No llamar
3251-YMVWZ;0.02;No llamar
4190-MFLUW;0.14;No llamar
4678-DVQEO;0.50;No llamar
4701-AHWMW;0.19;No llamar
2987-BJXIK;0.02;No llamar
1730-VFMWO;0.08;No llamar
1936-UAFEH;0.04;No llamar
5140-FOMCQ;0.17;No llamar
8778-LMWTJ;0.45;No llamar
9840-DVNDC;0.61;Ofrecer Descuento
8033-VCZGH;0.30;No llamar
8580-QVLOC;0.01;No llamar
6128-AQBMT;0.41;No llamar
6257-RJOHI;0.29;No llamar
1929-ZCBHE;0.04;No llamar
6242-SGYTS;0.10;No llamar
7010-ZMVBF;0.08;No llamar
3519-ZKXGG;0.73;Ofrecer Descuento
5666-MBJPT;0.01;No llamar
3313-QKNKB;0.19;No llamar
7581-EBBOU;0.03;No llamar
1784-BXEFA;0.17;No llamar
7492-TAFJD;0.06;No llamar
5213-TWWJU;0.31;No llamar
3312-ZWLGF;0.46;No llamar
2923-ARZLG;0,00000088;Llamar
7032-LMBHI;0.07;No llamar
8292-ITGYJ;0.01;No llamar
9107-UKCKY;0.14;No llamar
6848-HJTXY;0.00;No llamar
4184-VODJZ;0.18;No llamar
4846-WHAFZ;0.49;No llamar
8735-SDUFN;0.01;No llamar
0839-JTCUD;0.01;No llamar
6857-VWJDT;0.88;Llamar
7363-QTBIW;0.61;Ofrecer Descuento
6158-HDPXZ;0.49;No llamar
5419-CONWX;0.65;Ofrecer Descuento
9286-DOJGF;0.40;No llamar
2408-PSJVE;0.06;No llamar
2087-QAREY;0.20;No llamar
6777-TGHTM;0.19;No llamar
6507-ZJSUR;0.63;Ofrecer Descuento
5025-GOOKI;0.12;No llamar
6080-LNESI;0.01;No llamar
2236-HILPA;0.00;No llamar
1386-ZIKUV;0.19;No llamar
3365-SAIGS;0.57;No llamar
6061-GWWAV;0.03;No llamar
9979-RGMZT;0.47;No llamar
8445-DNBAE;0.63;Ofrecer Descuento
6872-HXFNF;0.03;No llamar
1320-HTRDR;0.77;Ofrecer Descuento
3923-CSIHK;0.33;No llamar
2446-ZKVAF;0.19;No llamar
4640-UHDOS;0.27;No llamar
5457-COLHT;0.01;No llamar
2254-DLXRI;0.81;Llamar
5339-PXDVH;0.64;Ofrecer Descuento
2386-LAHRK;0.60;No llamar
5062-CJJKH;0.06;No llamar
8930-XOTDP;0.16;No llamar
4779-ZGICK;0.01;No llamar
9534-NSXEM;0.04;No llamar
3716-BDVDB;0.81;Llamar
9842-EFSYY;0.48;No llamar
9122-UMROB;0.20;No llamar
1867-BDVFH;0.59;No llamar
5949-EBSQK;0.25;No llamar
4160-AMJTL;0.19;No llamar
8622-ZLFKO;0.76;Ofrecer Descuento
2990-IAJSV;0.01;No llamar
6064-ZATLR;0.02;No llamar
7409-KIUTL;0.79;Ofrecer Descuento
5505-OVWQW;0.05;No llamar
3948-KXDUF;0.01;No llamar
9814-AOUDH;0.01;No llamar
7398-LXGYX;0.28;No llamar
5266-PFRQK;0.02;No llamar
1568-BEKZM;0.02;No llamar
2692-PFYTJ;0.35;No llamar
2533-QVMSK;0.10;No llamar
5828-AVIPD;0.42;No llamar
2907-ILJBN;0.05;No llamar
5226-NOZFC;0.49;No llamar
7114-AEOZE;0.00;No llamar
2202-CUYXZ;0.87;Llamar
3466-RITXD;0.40;No llamar
7278-CKDNC;0.50;No llamar
1956-YIFGE;0.31;No llamar
0422-UXFAP;0.39;No llamar
3733-UOCWF;0.11;No llamar
7191-ADRGF;0.06;No llamar
5709-LVOEQ;0,00000336;Llamar
6034-YMTOB;0.44;No llamar
6372-RFVNS;0.82;Llamar
9052-DHNKM;0.08;No llamar
5609-IMCGG;0.40;No llamar
2959-MJHIC;0.75;Ofrecer Descuento
1319-YLZJG;0.46;No llamar
7623-TRNQN;0.38;No llamar
0377-JBKKT;0.09;No llamar
1936-CZAKF;0.05;No llamar
5063-IUOKK;0.03;No llamar
8646-JCOMS;0.09;No llamar
0979-MOZQI;0.03;No llamar
1525-LNLOJ;0.03;No llamar
5759-RCVCB;0.47;No llamar
9968-FFVVH;0.02;No llamar
2266-FUBDZ;0.02;No llamar
4760-THGOT;0.38;No llamar
2307-FYNNL;0.11;No llamar
1143-NMNQJ;0.86;Llamar
1629-DQQVB;0.13;No llamar
3766-EJLFL;0.06;No llamar
8457-XIGKN;0.12;No llamar
4981-FLTMF;0.03;No llamar
7606-BPHHN;0.00;No llamar
7005-CCBKV;0.60;Ofrecer Descuento
4648-YPBTM;0.03;No llamar
2325-ZUSFD;0.05;No llamar
1240-KNSEZ;0.26;No llamar
0430-IHCDJ;0.40;No llamar
7957-RYHQD;0.19;No llamar
6164-HAQTX;0.01;No llamar
0749-IRGQE;0.59;No llamar
1227-UDMZR;0.02;No llamar
5473-KHBPS;0.16;No llamar
5297-MDOIR;0.06;No llamar
8873-TMKGR;0.03;No llamar
6481-ESCNL;0.48;No llamar
0463-WZZKO;0.20;No llamar
1038-RQOST;0.07;No llamar
4937-QPZPO;0.27;No llamar
3604-WLABM;0.20;No llamar
1360-XFJMR;0.17;No llamar
8717-VCTXJ;0.03;No llamar
5196-SGOAK;0.79;Ofrecer Descuento
8739-XNIKG;0.77;Ofrecer Descuento
2320-TZRRH;0.04;No llamar
5186-SAMNZ;0.78;Ofrecer Descuento
5760-FXFVO;0.47;No llamar
5380-WJKOV;0.61;Ofrecer Descuento
4703-MQYKT;0.02;No llamar
2001-MCUUW;0.13;No llamar
4947-DSMXK;0.45;No llamar
0076-LVEPS;0.12;No llamar
5566-SOEZD;0.10;No llamar
7408-OFWXJ;0.01;No llamar
1097-FSPVW;0.06;No llamar
4412-YLTKF;0.56;No llamar
0420-TXVSG;0.01;No llamar
7817-BOQPW;0.78;Ofrecer Descuento
0963-ZBDRN;0.44;No llamar
9685-WKZGT;0.66;Ofrecer Descuento
2139-FQHLM;0.32;No llamar
5825-XJOCM;0.04;No llamar
0004-TLHLJ;0.69;Ofrecer Descuento
7529-ZDFXI;0.46;No llamar
6848-YLDFR;0.04;No llamar
5820-PTRYM;0.03;No llamar
2984-RGEYA;0.00;No llamar
6434-TTGJP;0.05;No llamar
9643-AVVWI;0.54;No llamar
3506-OVLKD;0.03;No llamar
4946-EDSEW;0.15;No llamar
2924-KHUVI;0.28;No llamar
2263-SFSQZ;0.01;No llamar
5281-BUZGT;0.50;No llamar
3717-FDJFU;0.03;No llamar
2239-CFOUJ;0.09;No llamar
8699-ASUFO;0.65;Ofrecer Descuento
1122-YJBCS;0.02;No llamar
0628-CNQRM;0.06;No llamar
1705-GUHPV;0.01;No llamar
4877-TSOFF;0.03;No llamar
7404-JLKQG;0.49;No llamar
0379-DJQHR;0.01;No llamar
8993-PHFWD;0.53;No llamar
3930-ZGWVE;0.20;No llamar
1965-DDBWU;0.49;No llamar
7572-KPVKK;0.11;No llamar
6854-EXGSF;0.23;No llamar
9483-GCPWE;0.05;No llamar
8053-WWDRO;0.12;No llamar
9473-CBZOP;0.07;No llamar
3985-HOYPM;0.03;No llamar
8378-LKJAF;0.45;No llamar
1310-QRITU;0.37;No llamar
3237-AJGEH;0.38;No llamar
6542-LWGXJ;0.42;No llamar
6953-PBDIN;0.01;No llamar
6332-FBZRI;0.02;No llamar
9365-CSLBQ;0.00;No llamar
3466-WAESX;0.30;No llamar
9700-ISPUP;0.30;No llamar
5167-ZFFMM;0.86;Llamar
7669-LCRSD;0.31;No llamar
0870-VEMYL;0.15;No llamar
2995-UPRYS;0.19;No llamar
3179-GBRWV;0.21;No llamar
0701-TJSEF;0.24;No llamar
1848-LBZHY;0.24;No llamar
5380-XPJNZ;0.02;No llamar
6608-QQLVK;0.59;No llamar
1475-VWVDO;0.64;Ofrecer Descuento
3721-CNEYS;0.74;Ofrecer Descuento
4299-OPXEJ;0.01;No llamar
0096-BXERS;0.40;No llamar
3055-VTCGS;0.04;No llamar
9405-GPBBG;0.08;No llamar
6704-UTUKK;0.49;No llamar
9944-AEXBM;0.49;No llamar
2545-EBUPK;0.85;Llamar
6270-OMFIW;0.23;No llamar
1852-XEMDW;0.14;No llamar
8158-WPEZG;0.35;No llamar
5198-EFNBM;0.20;No llamar
7663-RGWBC;0.50;No llamar
3970-XGJDU;0.01;No llamar
6845-RGTYS;0.39;No llamar
0123-CRBRT;0.01;No llamar
6077-BDPXA;0.72;Ofrecer Descuento
2250-IVBWA;0.09;No llamar
6137-NICCO;0.67;Ofrecer Descuento
8129-GMVGI;0.00;No llamar
4353-HYOJD;0.10;No llamar
8671-KKKOS;0.14;No llamar
8080-DDEMJ;0.53;No llamar
6698-OXETB;0.03;No llamar
3312-UUMZW;0.53;No llamar
6376-GAHQE;0.67;Ofrecer Descuento
0733-VUNUW;0.18;No llamar
6733-LRIZX;0.14;No llamar
2165-VOEGB;0.09;No llamar
1853-UDXBW;0.78;Ofrecer Descuento
9070-BCKQP;0.06;No llamar
1035-IPQPU;0.51;No llamar
2057-ZBLPD;0.64;Ofrecer Descuento
6967-PEJLL;0.07;No llamar
7879-CGSFV;0.13;No llamar
2257-BOVXD;0.29;No llamar
9822-BIIGN;0.08;No llamar
1136-XGEQU;0.08;No llamar
2439-LYPMQ;0.62;Ofrecer Descuento
6543-XRMYR;0.65;Ofrecer Descuento
5753-QQWPW;0.06;No llamar
4785-QRJHC;0.13;No llamar
0052-YNYOT;0.01;No llamar
7054-LGEQW;0.40;No llamar
0608-JDVEC;0.01;No llamar
6284-KMNUF;0.29;No llamar
6286-SUUWT;0.20;No llamar
3594-KADLU;0.28;No llamar
0536-ACXIP;0.10;No llamar
8869-TORSS;0.03;No llamar
0373-AIVNJ;0.12;No llamar
6429-SHBCB;0.32;No llamar
5751-USDBL;0.02;No llamar
6815-ABQFQ;0.25;No llamar
9450-TRJUU;0.47;No llamar
2805-AUFQN;0.02;No llamar
7855-DIWPO;0.45;No llamar
0174-QRVVY;0.00;No llamar
9507-EXLTT;0.82;Llamar
8390-FESFV;0.02;No llamar
0661-KBKPA;0.09;No llamar
6856-RAURS;0.77;Ofrecer Descuento
7322-OCWHC;0.03;No llamar
2203-GHNWN;0.47;No llamar
3413-CSSTH;0.18;No llamar
3006-XIMLN;0.81;Llamar
3750-CKVKH;0.78;Ofrecer Descuento
0576-WNXXC;0.63;Ofrecer Descuento
7056-IMHCC;0.52;No llamar
0866-QLSIR;0.06;No llamar
1628-BIZYP;0.85;Llamar
2230-XTUWL;0.01;No llamar
1980-KXVPM;0.67;Ofrecer Descuento
8619-IJNDK;0.00;No llamar
2960-NKRSO;0.32;No llamar
6705-LXORM;0.65;Ofrecer Descuento
7130-VTEWQ;0.70;Ofrecer Descuento
9364-YKUVW;0.14;No llamar
2761-OCIAX;0.71;Ofrecer Descuento
7996-BPXHY;0.04;No llamar
4248-QPAVC;0.45;No llamar
9357-UJRUN;0.12;No llamar
6340-DACFT;0.01;No llamar
1023-BQXZE;0.03;No llamar
5480-HPRRX;0.53;No llamar
9576-SYUHJ;0.44;No llamar
2169-RRLFW;0.00;No llamar
8338-QIUNR;0.01;No llamar
0463-TXOAK;0.01;No llamar
4396-KLSEH;0.29;No llamar
5186-EJEGL;0.20;No llamar
9334-GWGOW;0.76;Ofrecer Descuento
5696-JVVQY;0.02;No llamar
9633-DENPU;0.13;No llamar
0581-BXBUB;0.54;No llamar
2750-BJLSB;0.19;No llamar
2770-NSVDG;0.31;No llamar
8280-MQRQN;0.51;No llamar
7851-FLGGQ;0.59;No llamar
9374-YOLBJ;0.22;No llamar
6583-SZVGP;0.15;No llamar
2150-OEGBV;0.03;No llamar
9372-TXXPS;0.01;No llamar
6933-FHBZC;0.08;No llamar
4698-KVLLG;0.01;No llamar
8752-STIVR;0.74;Ofrecer Descuento
8623-ULFNQ;0.36;No llamar
9822-WMWVG;0.32;No llamar
4304-TSPVK;0.04;No llamar
1716-LSAMB;0.01;No llamar
3523-QRQLL;0.14;No llamar
2187-PKZAY;0.48;No llamar
1895-QTKDO;0.39;No llamar
8161-QYMTT;0.77;Ofrecer Descuento
2955-PSXOE;0.25;No llamar
6834-NXDCA;0.48;No llamar
8701-DGLVH;0.01;No llamar
2480-SQIOB;0.33;No llamar
4993-JCRGJ;0.35;No llamar
0581-MDMPW;0.54;No llamar
7789-CRUVC;0.15;No llamar
0164-APGRB;0.07;No llamar
8034-RYTVV;0.11;No llamar
3018-TFTSU;0.34;No llamar
9777-IQHWP;0.04;No llamar
6899-PPEEA;0.63;Ofrecer Descuento
6701-YVNQG;0.02;No llamar
7649-PHJVR;0.06;No llamar
9278-VZKCD;0.47;No llamar
7636-PEPNS;0.04;No llamar
1575-KRZZE;0.24;No llamar
8590-OHDIW;0.02;No llamar
7764-BDPEE;0.13;No llamar
9480-BQJEI;0.12;No llamar
3354-OADJP;0.06;No llamar
3181-MIZBN;0.11;No llamar
9327-QSDED;0.25;No llamar
4892-VLANZ;0.20;No llamar
0298-XACET;0.02;No llamar
6917-FIJHC;0.01;No llamar
6557-BZXLQ;0.49;No llamar
2432-TFSMK;0.37;No llamar
4211-MMAZN;0.20;No llamar
4751-ERMAN;0.02;No llamar
8430-TWCBX;0.01;No llamar
1942-OQFRW;0.49;No llamar
4075-JFPGR;0.16;No llamar
3339-EAQNV;0.21;No llamar
5329-KRDTM;0.02;No llamar
0307-BCOPK;0.05;No llamar
6473-ULUHT;0.21;No llamar
1194-SPVSP;0.19;No llamar
7249-WBIYX;0.74;Ofrecer Descuento
2293-IJWPS;0.24;No llamar
4377-VDHYI;0.16;No llamar
0019-EFAEP;0.05;No llamar
2480-EJWYP;0.29;No llamar
8970-ANWXO;0.18;No llamar
8739-WWKDU;0.62;Ofrecer Descuento
2171-UDMFD;0.06;No llamar
7036-TYDEC;0.09;No llamar
3831-YCPUO;0.03;No llamar
0121-SNYRK;0.04;No llamar
3325-FUYCG;0.26;No llamar
1952-DVVSW;0.07;No llamar
3571-DPYUH;0.12;No llamar
2077-MPJQO;0.72;Ofrecer Descuento
2391-SOORI;0.21;No llamar
4086-ATNFV;0.04;No llamar
3396-DKDEL;0.05;No llamar
7471-MQPOS;0.04;No llamar
7181-OQCUT;0.43;No llamar
3489-VSFRD;0.02;No llamar
6283-GITPX;0.01;No llamar
2845-HSJCY;0.63;Ofrecer Descuento
7216-KAOID;0.02;No llamar
6680-WKXRZ;0.63;Ofrecer Descuento
2346-LOCWC;0.00;No llamar
0769-MURVM;0.01;No llamar
3374-LXDEV;0.43;No llamar
5318-YKDPV;0.02;No llamar
8190-ZTQFB;0.24;No llamar
4512-ZUIYL;0.54;No llamar
3090-QFUVD;0.18;No llamar
4806-KEXQR;0.72;Ofrecer Descuento
2369-FEVNO;0.26;No llamar
9637-CDTKZ;0.06;No llamar
2954-PIBKO;0.01;No llamar
2212-LYASK;0.15;No llamar
9481-SFCQY;0.26;No llamar
2828-SLQPF;0.22;No llamar
4647-MUZON;0.53;No llamar
8212-DJRCH;0.52;No llamar
0516-OOHAR;0.18;No llamar
4973-RLZVI;0.03;No llamar
8089-UZWLX;0.09;No llamar
9732-KPKBW;0.43;No llamar
9715-WZCLW;0.10;No llamar
0257-KXZGU;0.11;No llamar
0707-HOVVN;0.02;No llamar
5501-TVMGM;0.67;Ofrecer Descuento
3422-LYEPQ;0.78;Ofrecer Descuento
2277-VWCNI;0.43;No llamar
5461-QKNTN;0.46;No llamar
3967-KXAPS;0.01;No llamar
6919-ELBGL;0.06;No llamar
8361-LTMKD;0.70;Ofrecer Descuento
1131-ALZWV;0.05;No llamar
5178-LMXOP;0.95;Llamar
8992-CEUEN;0.25;No llamar
3320-VEOYC;0.79;Ofrecer Descuento
3672-YITQD;0.60;No llamar
6080-TCMYC;0.39;No llamar
6734-FQAJX;0.06;No llamar
1063-DHQJF;0.03;No llamar
3976-NLDEZ;0.20;No llamar
1729-VLAZJ;0.07;No llamar
3400-ESFUW;0.01;No llamar
5271-YNWVR;0.07;No llamar
1587-FKLZB;0.36;No llamar
0958-YHXGP;0.51;No llamar
1494-EJZDW;0.02;No llamar
1816-FLZDK;0.42;No llamar
2075-PUEPR;0.00;No llamar
1833-TCXKK;0.45;No llamar
1436-ZMJAN;0.44;No llamar
0106-UGRDO;0.08;No llamar
1069-XAIEM;0.92;Llamar
4213-HKBJO;0.02;No llamar
8345-MVDYC;0.02;No llamar
2672-OJQZP;0.40;No llamar
5136-RGMZO;0.26;No llamar
5774-QPLTF;0.02;No llamar
5240-CAOYT;0.15;No llamar
3707-GNWHM;0.83;Llamar
5159-YFPKQ;0.72;Ofrecer Descuento
5052-PNLOS;0.79;Ofrecer Descuento
6173-GOLSU;0.43;No llamar
6661-HBGWL;0.52;No llamar
8207-VVMYB;0.01;No llamar
5324-KTGCG;0.01;No llamar
7354-OIJLX;0.63;Ofrecer Descuento
9286-BHDQG;0.01;No llamar
3567-PQTSO;0.29;No llamar
3197-ARFOY;0.36;No llamar
5698-BQJOH;0.70;Ofrecer Descuento
1090-ESELR;0.02;No llamar
0056-EPFBG;0.04;No llamar
4955-VCWBI;0.02;No llamar
4717-GHADL;0.04;No llamar
0058-EVZWM;0.27;No llamar
7218-HKQFK;0.85;Llamar
5057-RKGLH;0.02;No llamar
2309-OSFEU;0.52;No llamar
3429-IFLEM;0.01;No llamar
1550-LOAHA;0.30;No llamar
1400-MMYXY;0.86;Llamar
7503-QQRVF;0.43;No llamar
7504-UWHNB;0.36;No llamar
9565-JSNFM;0.16;No llamar
4735-BJKOU;0.01;No llamar
3580-GICBM;0.01;No llamar
7632-YUTXB;0.03;No llamar
9412-ARGBX;0.05;No llamar
9576-ANLXO;0.58;No llamar
1110-KYLGQ;0.22;No llamar
8696-JKZNU;0.48;No llamar
8757-TFHHJ;0.40;No llamar
2955-BJZHG;0.42;No llamar
9048-JVYVF;0.59;No llamar
0682-USIXD;0.46;No llamar
3884-UEBXB;0.01;No llamar
1776-SPBWV;0.03;No llamar
9050-QLROH;0.57;No llamar
2925-VDZHY;0.01;No llamar
9512-UIBFX;0.39;No llamar
8676-TRMJS;0.65;Ofrecer Descuento
3334-CTHOL;0.59;No llamar
6331-LWDTQ;0.43;No llamar
3847-BAERP;0.14;No llamar
4709-LKHYG;0.04;No llamar
8621-MNIHH;0.57;No llamar
8884-ADFVN;0.83;Llamar
2885-HIJDH;0.01;No llamar
8570-KLJYJ;0.06;No llamar
9339-FIIJL;0.02;No llamar
6223-DHJGV;0.03;No llamar
0959-WHOKV;0.22;No llamar
9610-WCESF;0.02;No llamar
9279-CJEOJ;0.64;Ofrecer Descuento
2985-FMWYF;0.64;Ofrecer Descuento
3540-RZJYU;0.40;No llamar
2522-WLNSF;0.07;No llamar
6861-XWTWQ;0.85;Llamar
8735-NBLWT;0.10;No llamar
1744-JHKYS;0.11;No llamar
0841-NULXI;0.74;Ofrecer Descuento
4016-BJKTZ;0.16;No llamar
9298-WGMRW;0.06;No llamar
7893-IXHRQ;0.25;No llamar
8785-CJSHH;0.47;No llamar
7654-YWJUF;0.09;No llamar
8909-BOLNL;0.09;No llamar
9919-FZDED;0.03;No llamar
0322-CHQRU;0.42;No llamar
3587-PMCOY;0.38;No llamar
0655-RBDUG;0.72;Ofrecer Descuento
0983-TATYJ;0.06;No llamar
5650-YLIBA;0.43;No llamar
5144-TVGLP;0.55;No llamar
3569-EDBPQ;0.39;No llamar
4945-RVMTE;0.23;No llamar
3511-BFTJW;0.01;No llamar
5537-UXXVS;0.09;No llamar
8782-NUUOL;0.03;No llamar
2865-TCHJW;0.83;Llamar
9931-KGHOA;0.08;No llamar
3071-MVJCD;0.01;No llamar
7279-BUYWN;0.49;No llamar
3756-VNWDH;0.26;No llamar
1395-OFUWC;0.10;No llamar
4223-BKEOR;0.06;No llamar
0040-HALCW;0.00;No llamar
7124-UGSUR;0.25;No llamar
7395-XWZOY;0.19;No llamar
5440-VHLUL;0.15;No llamar
4706-DGAHW;0.53;No llamar
8166-ORCHU;0.19;No llamar
3978-YNKDD;0.01;No llamar
7198-GLXTC;0.76;Ofrecer Descuento
6366-XIVKZ;0.22;No llamar
5133-POWUA;0.50;No llamar
8400-WZICQ;0.04;No llamar
5382-SOYZL;0.67;Ofrecer Descuento
1989-PRJHP;0.60;Ofrecer Descuento
4154-AQUGT;0.45;No llamar
0980-FEXWF;0.06;No llamar
5845-BZZIB;0.01;No llamar
4840-ORQXB;0.44;No llamar
0295-PPHDO;0.94;Llamar
8775-ERLNB;0.85;Llamar
0376-YMCJC;0.58;No llamar
7410-YTJIK;0.56;No llamar
9927-DSWDF;0.45;No llamar
6681-ZSEXG;0.02;No llamar
5702-KVQRD;0.02;No llamar
8711-LOBKY;0.00;No llamar
9692-TUSXH;0.52;No llamar
4012-YCFAI;0.01;No llamar
8455-HIRAQ;0.22;No llamar
7853-WNZSY;0.25;No llamar
0390-DCFDQ;0.78;Ofrecer Descuento
6421-SZVEM;0.16;No llamar
3094-JOJAI;0.40;No llamar
4873-ILOLJ;0.57;No llamar
8181-YHCMF;0.02;No llamar
3324-OIRTO;0.09;No llamar
9135-HSWOC;0.01;No llamar
2272-WUSPA;0.11;No llamar
4627-MIHJH;0.05;No llamar
3896-RCYYE;0.13;No llamar
6729-GDNGC;0.40;No llamar
9945-PSVIP;0.02;No llamar
4137-JOPHL;0.07;No llamar
2720-FVBQP;0.38;No llamar
7854-EKTJL;0.26;No llamar
1133-KXCGE;0.04;No llamar
6048-QBXKL;0.50;No llamar
6338-AVWCY;0.57;No llamar
0013-MHZWF;0.32;No llamar
9804-ICWBG;0.81;Llamar
2368-GAKKQ;0.06;No llamar
4829-AUOAX;0.38;No llamar
7876-BEUTG;0.33;No llamar
6349-JDHQP;0.01;No llamar
3063-QFSZL;0.67;Ofrecer Descuento
9142-XMYJH;0.06;No llamar
2609-IAICY;0.86;Llamar
8626-PTQGE;0.02;No llamar
0230-UBYPQ;0.02;No llamar
6814-ZPWFQ;0.02;No llamar
5921-NGYRH;0.13;No llamar
7803-XOCCZ;0.11;No llamar
1459-QNFQT;0.01;No llamar
3948-FVVRP;0.15;No llamar
0923-PNFUB;0.66;Ofrecer Descuento
4654-ULTTN;0.02;No llamar
5628-FCGYG;0.65;Ofrecer Descuento
0506-LVNGN;0.61;Ofrecer Descuento
4329-YPDDQ;0.32;No llamar
9866-OCCKE;0.07;No llamar
0794-YVSGE;0.00;No llamar
4342-HENTK;0.76;Ofrecer Descuento
5934-TSSAU;0.33;No llamar
9986-BONCE;0.14;No llamar
5301-GAUUY;0.36;No llamar
0725-CXOTM;0.08;No llamar
2843-CQMEG;0.17;No llamar
5600-PDUJF;0.24;No llamar
4500-HKANN;0.03;No llamar
1862-QRWPE;0.01;No llamar
2155-AMQRX;0.18;No llamar
0823-HSCDJ;0.32;No llamar
4090-KPJIP;0.78;Ofrecer Descuento
2737-YNGYW;0.68;Ofrecer Descuento
5619-XZZKR;0.09;No llamar
6047-YHPVI;0.68;Ofrecer Descuento
8375-DKEBR;0.83;Llamar
7729-XBTWX;0.00;No llamar
4983-CLMLV;0.37;No llamar
9227-LUNBG;0.57;No llamar
2758-RNWXS;0.16;No llamar
7055-HNEOJ;0.36;No llamar
7134-MJPDY;0.19;No llamar
4560-WQAQW;0.03;No llamar
8532-UEFWH;0.01;No llamar
8541-QVFKM;0.64;Ofrecer Descuento
7129-ACFOG;0.41;No llamar
2495-INZWQ;0.72;Ofrecer Descuento
0263-FJTQO;0.02;No llamar
0181-RITDD;0.03;No llamar
8241-JUIQO;0.01;No llamar
0913-XWSCN;0.23;No llamar
2159-TURXX;0.14;No llamar
6461-PPAXN;0.03;No llamar
1452-KIOVK;0.44;No llamar
1139-WUOAH;0.03;No llamar
3207-OYBWH;0.37;No llamar
8347-GDTMP;0.00;No llamar
9909-DFRJA;0.15;No llamar
6383-ZTSIW;0.15;No llamar
5438-QMDDL;0.26;No llamar
8914-RBTSB;0.44;No llamar
6164-HXUGH;0.12;No llamar
6900-RBKER;0.12;No llamar
1492-QGCLU;0.11;No llamar
6664-FPDAC;0.27;No llamar
1088-AUUZZ;0.02;No llamar
6651-AZVTJ;0.52;No llamar
8219-VYBVI;0.01;No llamar
0310-MVLET;0.41;No llamar
7233-IOQNP;0.07;No llamar
7311-MQJCH;0.10;No llamar
9256-JTBNZ;0.10;No llamar
8713-IGZSO;0.22;No llamar
6821-BUXUX;0.55;No llamar
9114-DPSIA;0.01;No llamar
4501-UYKBC;0.09;No llamar
2798-NYLMZ;0.07;No llamar
6711-VTNRE;0.39;No llamar
5966-EMAZU;0.16;No llamar
3627-FHKBK;0.60;No llamar
7861-UVUFT;0.58;No llamar
9824-QCJPK;0.03;No llamar
7816-VGHTO;0.07;No llamar
3794-NFNCH;0.18;No llamar
3877-JRJIP;0.76;Ofrecer Descuento
5228-EXCET;0.62;Ofrecer Descuento
6248-BSHKG;0.01;No llamar
8915-NNTRC;0.04;No llamar
3470-OBUET;0.01;No llamar
3229-USWAR;0.07;No llamar
1927-QEWMY;0.00;No llamar
6374-AFWOX;0.01;No llamar
7912-SYRQT;0.57;No llamar
2070-FNEXE;0.39;No llamar
5803-NQJZO;0.01;No llamar
5651-YLPRD;0.39;No llamar
1271-UODNO;0.03;No llamar
5014-WUQMG;0.14;No llamar
5889-JTMUL;0.46;No llamar
0788-DXBFY;0.02;No llamar
2669-QVCRG;0.27;No llamar
6630-UJZMY;0.85;Llamar
5061-PBXFW;0.05;No llamar
2700-LUEVA;0.19;No llamar
3865-ZFZIB;0.02;No llamar
0471-ARVMX;0.29;No llamar
8985-OOPOS;0.36;No llamar
0719-SYFRB;0.23;No llamar
0447-BEMNG;0.16;No llamar
5630-AHZIL;0.28;No llamar
2190-BCXEC;0.29;No llamar
1559-DTODC;0.34;No llamar
3244-DCJWY;0.81;Llamar
3967-VQOGC;0.01;No llamar
0265-PSUAE;0.36;No llamar
1622-HSHSF;0.26;No llamar
9867-XOBQA;0.03;No llamar
6773-LQTVT;0.23;No llamar
4332-MUOEZ;0.13;No llamar
0023-XUOPT;0.58;No llamar
6543-CPZMK;0.45;No llamar
6418-HNFED;0.02;No llamar
1036-GUDCL;0.06;No llamar
4818-QIUFN;0.53;No llamar
0778-NELLA;0.50;No llamar
7495-OOKFY;0.60;No llamar
4737-HOBAX;0.03;No llamar
7919-ZODZZ;0.15;No llamar
2988-PLAHS;0.43;No llamar
9067-SQTNS;0.01;No llamar
6483-OATDN;0.19;No llamar
5469-CTCWN;0.19;No llamar
3524-WQDSG;0.46;No llamar
6968-URWQU;0.09;No llamar
8601-QACRS;0.43;No llamar
8690-UPCZI;0.06;No llamar
5331-RGMTT;0.49;No llamar
1357-BIJKI;0.36;No llamar
2088-IEBAU;0.03;No llamar
0679-IDSTG;0.80;Llamar
6519-ZHPXP;0.03;No llamar
2101-RANCD;0.34;No llamar
4029-HPFVY;0.60;No llamar
1015-OWJKI;0.20;No llamar
8314-HTWVE;0.03;No llamar
5357-TZHPP;0.70;Ofrecer Descuento
8727-XDPUD;0.05;No llamar
9073-ZZIAY;0.01;No llamar
5181-OABFK;0.01;No llamar
3812-LRZIR;0.02;No llamar
5204-HMGYF;0.04;No llamar
9950-MTGYX;0.02;No llamar
3675-EQOZA;0.15;No llamar
3646-ITDGM;0.01;No llamar
3913-FCUUW;0.01;No llamar
